,City,Lat,Lng,Max Temp,Humidity,Cloudiness,Wind Speed,Country,Date
0,albany,42.6,-73.97,39.99,68,82,3.0,US,1609200607
1,faanui,-16.48,-151.75,80.92,69,10,7.61,PF,1609200836
2,odessa,46.48,30.73,46.4,100,90,15.66,UA,1609200836
3,college,64.86,-147.8,12.2,78,75,3.36,US,1609200837
4,busselton,-33.65,115.33,72.0,52,80,3.0,AU,1609200837
5,rio grande,-32.03,-52.1,72.0,82,6,11.9,BR,1609200679
6,shagonar,51.53,92.8,-26.75,82,89,3.65,RU,1609200837
7,cape town,-33.93,18.42,66.0,77,20,10.29,ZA,1609200601
8,qaanaaq,77.48,-69.36,22.69,89,100,10.13,GL,1609200823
9,hermanus,-34.42,19.23,64.99,82,69,2.1,ZA,1609200837
10,erenhot,43.65,111.98,-20.18,82,0,7.92,CN,1609200837
11,hay river,60.82,-115.8,6.8,84,22,3.36,CA,1609200837
12,tateyama,34.98,139.87,50.0,71,75,3.36,JP,1609200837
13,barrow,71.29,-156.79,1.4,70,90,9.17,US,1609200837
14,kodiak,57.79,-152.41,39.2,88,40,11.41,US,1609200837
15,yellowknife,62.46,-114.35,1.99,84,90,6.93,CA,1609200815
16,lazaro cardenas,17.96,-102.2,75.79,69,0,6.02,MX,1609200750
17,provideniya,64.38,-173.3,24.8,85,90,22.37,RU,1609200838
18,leua,48.22,18.61,48.0,91,100,8.01,SK,1609200838
19,butaritari,3.07,172.79,81.37,79,53,21.36,KI,1609200838
20,hambantota,6.12,81.12,76.05,87,48,4.81,LK,1609200838
21,ribeira grande,38.52,-28.7,58.1,75,100,19.6,PT,1609200838
22,leh,34.17,77.58,0.72,70,53,1.59,IN,1609200838
23,sao joao da barra,-21.64,-41.05,75.92,85,100,17.16,BR,1609200838
24,bluff,-46.6,168.33,72.0,58,74,5.01,NZ,1609200838
25,mount isa,-20.73,139.5,80.6,69,85,4.7,AU,1609200838
26,junction city,39.03,-96.83,35.6,55,75,8.05,US,1609200839
27,ushuaia,-54.8,-68.3,50.0,81,75,4.7,AR,1609200824
28,konongo,6.62,-1.22,71.51,75,0,1.34,GH,1609200839
29,rikitea,-23.12,-134.97,78.6,79,100,17.52,PF,1609200839
30,sobolevo,54.43,31.9,25.02,97,100,17.22,RU,1609200839
31,nacala,-14.54,40.67,77.65,87,100,8.1,MZ,1609200839
32,east london,-33.02,27.91,73.36,84,51,16.67,ZA,1609200839
33,belle fourche,44.67,-103.85,27.0,92,1,4.7,US,1609200839
34,longyearbyen,78.22,15.64,28.4,74,75,27.51,SJ,1609200839
35,punta arenas,-53.15,-70.92,51.8,66,20,12.75,CL,1609200825
36,havoysund,71.0,24.66,32.0,94,0,34.45,NO,1609200839
37,talnakh,69.49,88.4,-29.2,73,1,6.71,RU,1609200839
38,belmonte,-15.86,-38.88,77.0,78,20,14.99,BR,1609200840
39,khatanga,71.97,102.5,-31.31,83,82,15.73,RU,1609200840
40,kudahuvadhoo,2.67,72.89,82.26,73,95,10.07,MV,1609200840
41,kalabo,-14.97,22.68,68.45,86,85,4.07,ZM,1609200840
42,saint-philippe,-21.36,55.77,78.8,54,0,14.99,RE,1609200837
43,colares,38.8,-9.45,53.01,80,68,18.01,PT,1609200840
44,leningradskiy,69.38,178.42,-12.51,83,4,3.27,RU,1609200840
45,zhigansk,66.77,123.37,-4.92,89,100,21.54,RU,1609200840
46,ancud,-41.87,-73.82,64.99,82,20,11.41,CL,1609200840
47,hobart,-42.88,147.33,66.99,45,40,17.22,AU,1609200840
48,ayan,56.45,138.17,-19.89,73,100,10.83,RU,1609200840
49,xocali,39.91,46.79,38.55,71,47,1.16,AZ,1609200841
50,kampot,10.62,104.18,75.2,88,20,1.12,KH,1609200841
51,port lincoln,-34.73,135.87,64.92,58,7,1.63,AU,1609200841
52,mount gambier,-37.83,140.77,60.8,82,90,10.29,AU,1609200756
53,greymouth,-42.47,171.2,61.16,60,0,6.98,NZ,1609200841
54,lorengau,-2.02,147.27,86.13,57,100,4.81,PG,1609200841
55,thompson,55.74,-97.86,6.8,77,90,12.75,CA,1609200841
56,cidreira,-30.18,-50.21,73.38,82,74,15.37,BR,1609200842
57,mataura,-46.19,168.86,72.0,58,70,5.01,NZ,1609200842
58,andenes,69.31,16.12,39.2,60,100,12.75,NO,1609200842
59,ilulissat,69.22,-51.1,28.4,63,97,11.41,GL,1609200842
60,mar del plata,-38.0,-57.56,69.8,88,90,14.99,AR,1609200550
61,mattawa,46.74,-119.9,35.6,74,90,1.36,US,1609200842
62,opuwo,-18.06,13.84,63.82,86,100,4.12,NA,1609200842
63,narsaq,60.92,-46.05,30.2,68,86,12.75,GL,1609200842
64,atuona,-9.8,-139.03,78.89,72,21,14.9,PF,1609200842
65,jijiga,9.35,42.8,58.26,71,1,5.19,ET,1609200842
66,vaini,-21.2,-175.2,80.6,83,75,2.24,TO,1609200842
67,henties bay,-22.12,14.28,64.0,88,100,1.01,NA,1609200843
68,arraial do cabo,-22.97,-42.03,75.79,87,100,22.15,BR,1609200843
69,nong phai,15.99,101.06,77.0,69,0,3.18,TH,1609200843
70,poum,-20.23,164.02,82.27,76,6,17.16,NC,1609200843
71,praia da vitoria,38.73,-27.07,55.4,87,90,16.15,PT,1609200843
72,fortuna,40.6,-124.16,52.0,76,1,10.29,US,1609200843
73,andradas,-22.07,-46.57,66.52,85,93,4.23,BR,1609200843
74,cayenne,4.93,-52.33,78.8,88,20,12.75,GF,1609200843
75,quelimane,-17.88,36.89,78.46,89,100,1.74,MZ,1609200843
76,katsuura,35.13,140.3,50.0,61,75,2.24,JP,1609200746
77,kruisfontein,-34.0,24.73,64.0,91,0,1.01,ZA,1609200843
78,dharchula,29.85,80.53,38.61,39,0,7.16,IN,1609200844
79,quatre cocos,-20.21,57.76,77.0,78,75,8.05,MU,1609200844
80,kapaa,22.08,-159.32,80.6,69,1,10.29,US,1609200826
81,comodoro rivadavia,-45.87,-67.5,77.0,44,0,8.05,AR,1609200844
82,banda aceh,5.56,95.32,77.23,82,93,8.34,ID,1609200844
83,sitka,57.05,-135.33,44.6,56,90,12.75,US,1609200844
84,nome,64.5,-165.41,28.4,92,90,17.22,US,1609200844
85,tournon-sur-rhone,45.07,4.83,43.0,84,90,12.75,FR,1609200705
86,estelle,29.85,-90.11,64.4,72,20,6.93,US,1609200844
87,miajadas,39.15,-5.91,43.0,87,3,5.01,ES,1609200844
88,castro,-24.79,-50.01,64.62,91,44,2.64,BR,1609200844
89,burgersdorp,-31.0,26.33,74.46,37,59,5.14,ZA,1609200844
90,taman,45.21,36.72,41.0,79,93,11.18,RU,1609200844
91,tura,25.52,90.22,56.21,75,28,2.8,IN,1609200620
92,saveh,35.02,50.36,36.32,73,0,0.25,IR,1609200845
93,shuangyang,43.52,125.67,-4.0,70,75,8.95,CN,1609200845
94,port macquarie,-31.43,152.92,79.0,67,88,5.01,AU,1609200845
95,port elizabeth,-33.92,25.57,66.2,88,0,2.24,ZA,1609200821
96,flagstaff,35.2,-111.65,28.0,92,90,11.41,US,1609200816
97,klaksvik,62.23,-6.59,35.6,80,100,38.03,FO,1609200845
98,anadyr,64.75,177.48,14.0,92,75,24.61,RU,1609200823
99,tiarei,-17.53,-149.33,82.4,74,40,8.05,PF,1609200846
100,bredasdorp,-34.53,20.04,66.2,68,70,3.36,ZA,1609200846
101,puerto ayora,-0.74,-90.35,73.99,91,33,5.01,EC,1609200846
102,campo grande,-20.44,-54.65,80.6,65,20,4.7,BR,1609200846
103,drexel heights,32.14,-111.03,71.6,17,1,21.92,US,1609200846
104,buala,-8.14,159.59,84.49,72,100,3.67,SB,1609200846
105,barcelos,41.54,-8.62,51.8,71,40,9.17,PT,1609200846
106,upernavik,72.79,-56.15,27.07,95,100,24.2,GL,1609200847
107,chokurdakh,70.63,147.92,-36.92,83,14,4.38,RU,1609200847
108,geraldton,-28.77,114.6,93.2,14,12,24.16,AU,1609200847
109,aktas,49.78,72.96,10.4,66,0,6.71,KZ,1609200847
110,ixtapa,20.7,-105.2,73.4,78,5,9.17,MX,1609200847
111,zhuhai,22.28,113.57,69.01,82,40,5.82,CN,1609200847
112,chuy,-33.7,-53.46,65.84,93,11,5.26,UY,1609200847
113,avarua,-21.21,-159.78,84.2,70,62,12.75,CK,1609200847
114,dzhebariki-khaya,62.22,135.8,-48.05,74,69,2.21,RU,1609200847
115,new norfolk,-42.78,147.06,66.99,60,29,1.01,AU,1609200847
116,ashqelon,31.67,34.57,57.0,13,66,1.01,IL,1609200847
117,tasiilaq,65.61,-37.64,26.6,86,98,5.28,GL,1609200847
118,kaitangata,-46.28,169.85,61.0,70,12,11.99,NZ,1609200847
119,ponta do sol,32.67,-17.1,59.0,58,75,9.17,PT,1609200848
120,mapastepec,15.43,-92.9,75.15,67,1,2.21,MX,1609200848
121,padang,-0.95,100.35,75.74,87,100,4.76,ID,1609200848
122,svetlogorsk,52.63,29.73,32.7,96,100,18.48,BY,1609200848
123,port alfred,-33.59,26.89,64.99,93,2,1.01,ZA,1609200826
124,kalundborg,55.68,11.09,37.0,100,100,2.24,DK,1609200848
125,virginia beach,36.85,-75.98,51.01,56,100,1.01,US,1609200835
126,dikson,73.51,80.55,-25.62,86,81,9.17,RU,1609200848
127,kloulklubed,7.04,134.26,82.4,88,90,10.29,PW,1609200830
128,kathmandu,27.72,85.32,35.6,100,20,3.36,NP,1609200609
129,nampula,-15.12,39.27,77.0,83,75,3.36,MZ,1609200848
130,nouadhibou,20.93,-17.03,66.2,82,75,10.29,MR,1609200685
131,grand gaube,-20.01,57.66,73.99,84,94,3.0,MU,1609200848
132,bridlington,54.08,-0.19,35.6,93,100,5.82,GB,1609200849
133,broome,42.25,-75.83,36.0,74,90,8.05,US,1609200849
134,faya,18.39,42.45,55.4,49,0,1.1,SA,1609200849
135,yarada,17.65,83.27,69.69,75,0,5.46,IN,1609200849
136,zambrow,52.99,22.24,45.0,71,100,7.0,PL,1609200849
137,honiara,-9.43,159.95,86.0,74,40,2.53,SB,1609200849
138,san patricio,28.02,-97.52,73.4,73,75,23.04,US,1609200849
139,imbituba,-28.24,-48.67,73.4,94,75,3.36,BR,1609200849
140,bandarbeyla,9.49,50.81,75.52,85,77,22.46,SO,1609200849
141,astana,51.18,71.45,12.2,78,75,15.66,KZ,1609200849
142,phulabani,20.47,84.23,56.59,53,0,2.59,IN,1609200850
143,sao borja,-28.66,-56.0,80.64,47,7,5.55,BR,1609200850
144,ponazyrevo,58.36,46.31,-6.0,89,0,0.6,RU,1609200850
145,port-cartier,50.03,-66.87,30.0,100,100,10.29,CA,1609200850
146,rocha,-34.48,-54.33,64.15,95,10,6.22,UY,1609200721
147,praya,14.92,-23.51,73.4,83,75,14.99,CV,1609200850
148,tuktoyaktuk,69.45,-133.04,-7.6,76,75,3.36,CA,1609200850
149,hennebont,47.81,-3.27,42.8,81,75,12.75,FR,1609200850
150,kuandian,40.73,124.78,15.04,79,100,9.37,CN,1609200782
151,matiri,-10.75,34.9,64.06,96,100,1.14,TZ,1609200850
152,saint george,37.1,-113.58,44.01,75,75,9.17,US,1609200850
153,lagoa,39.05,-27.98,56.77,73,100,18.21,PT,1609200850
154,samagaltay,50.6,95.0,-26.12,76,2,1.5,RU,1609200851
155,sovetskiy,61.36,63.58,-15.65,88,100,9.24,RU,1609200851
156,la fria,8.22,-72.24,80.6,65,40,3.36,VE,1609200851
157,airai,-8.93,125.41,68.4,86,97,1.28,TL,1609200826
158,luderitz,-26.65,15.16,59.0,82,0,17.22,NA,1609200827
159,norrtalje,59.76,18.7,46.0,88,100,18.01,SE,1609200851
160,tahta,26.77,31.5,53.6,66,0,3.36,EG,1609200851
161,praia,14.92,-23.51,73.4,83,75,14.99,CV,1609200851
162,jamestown,42.1,-79.24,30.99,92,90,10.49,US,1609200566
163,plonsk,52.62,20.38,44.6,65,0,13.87,PL,1609200851
164,hithadhoo,-0.6,73.08,81.84,78,31,11.03,MV,1609200852
165,sorong,-0.88,131.25,83.19,73,100,2.86,ID,1609200852
166,kailua,21.4,-157.74,82.4,61,40,8.05,US,1609200852
167,sao miguel do araguaia,-13.28,-50.16,75.72,80,91,3.8,BR,1609200852
168,maridi,4.92,29.47,73.76,40,76,3.96,SS,1609200852
169,portland,45.52,-122.68,45.0,70,20,8.05,US,1609200642
170,manggar,-2.88,108.27,80.17,81,61,7.14,ID,1609200852
171,bubaque,11.28,-15.83,78.55,70,17,15.23,GW,1609200852
172,komsomolskiy,40.43,71.72,32.0,93,90,2.35,UZ,1609200853
173,labuhan,-6.88,112.21,80.22,81,89,5.91,ID,1609200853
174,tuatapere,-46.13,167.68,72.0,58,72,5.01,NZ,1609200853
175,la ronge,55.1,-105.28,15.8,78,90,6.93,CA,1609200853
176,te anau,-45.42,167.72,67.39,39,55,3.49,NZ,1609200731
177,constitucion,-35.33,-72.42,59.95,80,10,13.56,CL,1609200656
178,trairi,-3.28,-39.27,80.24,73,7,13.89,BR,1609200853
179,wattegama,6.8,81.48,72.23,95,37,2.8,LK,1609200854
180,road town,18.42,-64.62,77.0,78,20,6.35,VG,1609200854
181,vostok,46.49,135.88,-17.81,89,95,6.58,RU,1609200854
182,saint-augustin,51.23,-58.65,28.56,92,83,9.93,CA,1609200854
183,saskylakh,71.92,114.08,-15.52,86,100,22.17,RU,1609200821
184,andrews,32.32,-102.55,50.0,57,40,16.11,US,1609200854
185,ossora,59.24,163.07,5.32,88,100,7.43,RU,1609200854
186,saldanha,-33.01,17.94,60.8,82,0,8.05,ZA,1609200854
187,revelstoke,50.98,-118.2,30.2,100,90,1.28,CA,1609200854
188,puerto ayacucho,5.66,-67.62,77.76,83,97,2.66,VE,1609200854
189,shimoda,34.67,138.95,51.01,71,75,3.36,JP,1609200854
190,alice springs,-23.7,133.88,75.2,19,20,14.99,AU,1609200855
191,los llanos de aridane,28.66,-17.92,66.2,77,40,6.93,ES,1609200855
192,sabang,5.89,95.32,81.55,76,92,11.18,ID,1609200855
193,mahebourg,-20.41,57.7,77.0,78,75,8.05,MU,1609200855
194,sarankhola,22.31,89.79,56.86,50,0,4.36,BD,1609200855
195,pacific grove,36.62,-121.92,55.4,66,40,5.82,US,1609200855
196,sinnamary,5.38,-52.95,78.78,85,48,9.06,GF,1609200855
197,clyde river,70.47,-68.59,1.4,91,86,17.22,CA,1609200856
198,sorland,67.67,12.69,39.81,72,97,24.11,NO,1609200856
199,ettaiyapuram,9.14,77.99,72.64,77,29,9.04,IN,1609200856
200,melo,-32.37,-54.18,70.56,78,50,12.39,UY,1609200856
201,vestmanna,62.16,-7.17,35.6,80,100,38.03,FO,1609200856
202,harlingen,26.19,-97.7,75.2,69,75,24.16,US,1609200856
203,san cristobal,7.77,-72.22,80.6,65,40,3.36,VE,1609200856
204,cao bang,22.67,106.25,66.07,84,97,4.65,VN,1609200856
205,flin flon,54.77,-101.86,10.4,78,90,8.05,CA,1609200857
206,camacha,33.08,-16.33,59.0,62,75,4.7,PT,1609200857
207,bud,39.45,-86.18,28.4,79,90,5.82,US,1609200857
208,hasaki,35.73,140.83,41.0,93,75,4.7,JP,1609200572
209,pevek,69.7,170.31,-24.02,86,0,2.06,RU,1609200857
210,olafsvik,64.89,-23.71,29.01,86,8,4.54,IS,1609200857
211,xuddur,4.12,43.89,75.43,67,10,11.07,SO,1609200857
212,changli,39.7,119.15,11.97,65,95,10.33,CN,1609200857
213,booue,-0.09,11.94,72.45,94,54,2.1,GA,1609200857
214,oksfjord,70.24,22.35,32.0,68,75,34.45,NO,1609200857
215,fairbanks,64.84,-147.72,12.2,78,75,1.12,US,1609200729
216,ler,8.3,30.14,76.5,22,0,5.82,SS,1609200858
217,ippy,6.27,21.22,77.5,36,100,1.32,CF,1609200858
218,lahaina,20.88,-156.68,86.0,54,20,6.93,US,1609200858
219,urusha,54.05,122.9,-14.62,84,100,5.17,RU,1609200858
220,lebu,-37.62,-73.65,60.35,86,56,4.47,CL,1609200858
221,cherskiy,68.75,161.3,-36.45,83,9,1.9,RU,1609200858
222,pangkalanbuun,-2.68,111.62,78.26,85,75,2.95,ID,1609200858
223,kabala,9.58,-11.55,71.92,31,28,0.43,SL,1609200858
224,arlit,18.74,7.39,63.0,27,0,4.92,NE,1609200632
225,kargopol,61.51,38.95,3.81,93,12,6.31,RU,1609200859
226,madang,-5.22,145.8,83.84,71,83,5.59,PG,1609200859
227,kaoma,-14.78,24.8,66.54,88,100,1.92,ZM,1609200859
228,qui nhon,13.77,109.23,70.29,80,79,6.02,VN,1609200783
229,ruwi,23.6,58.55,59.0,51,0,4.7,OM,1609200859
230,dicabisagan,17.08,122.42,79.02,80,96,1.92,PH,1609200859
231,maniitsoq,65.42,-52.9,24.22,89,100,6.44,GL,1609200859
232,ulladulla,-35.35,150.47,60.8,100,90,6.93,AU,1609200859
233,dehui,44.53,125.7,-4.0,70,75,8.95,CN,1609200860
234,rawson,-43.3,-65.1,79.39,45,27,17.78,AR,1609200860
235,port blair,11.67,92.75,78.8,83,40,5.32,IN,1609200860
236,outjo,-20.12,16.15,64.4,100,99,2.24,NA,1609200860
237,smithers,54.78,-127.17,24.8,92,90,5.82,CA,1609200706
238,bosaso,11.28,49.18,75.79,82,45,13.18,SO,1609200860
239,gualaceo,-2.9,-78.78,57.2,82,75,3.49,EC,1609200860
240,baherden,38.44,57.43,32.36,81,41,4.9,TM,1609200860
241,burayevo,55.84,55.41,-4.47,92,83,4.88,RU,1609200860
242,cabo san lucas,22.89,-109.91,78.01,60,5,14.99,MX,1609200710
243,chama,47.18,8.46,32.0,92,73,1.12,CH,1609200861
244,black forest,39.01,-104.7,28.99,86,90,9.17,US,1609200860
245,guerrero negro,27.98,-114.06,61.38,60,56,13.53,MX,1609200861
246,marquette,46.53,-87.63,16.0,76,96,11.14,US,1609200861
247,chegdomyn,51.12,133.02,-33.61,80,27,1.39,RU,1609200861
248,lieksa,63.32,30.02,24.91,96,100,13.62,FI,1609200861
249,hobyo,5.35,48.53,79.11,79,43,23.42,SO,1609200861
250,buraydah,26.33,43.98,51.8,93,75,6.93,SA,1609200861
251,vila franca do campo,37.72,-25.43,55.4,66,75,12.75,PT,1609200861
252,port hardy,50.7,-127.42,41.0,93,75,3.0,CA,1609200701
253,vardo,70.37,31.11,28.87,94,100,19.89,NO,1609200862
254,matagami,49.75,-77.63,-0.4,91,90,9.17,CA,1609200862
255,dabat,12.98,37.77,49.15,45,0,3.2,ET,1609200862
256,santiago del estero,-27.8,-64.26,87.46,51,48,7.43,AR,1609200862
257,nikolskoye,59.7,30.79,27.0,79,0,17.9,RU,1609200829
258,tabou,4.42,-7.35,78.55,85,0,6.33,CI,1609200862
259,hoopstad,-27.83,25.91,76.06,52,42,9.33,ZA,1609200862
260,wellington,-41.29,174.78,60.8,59,50,14.99,NZ,1609200795
261,puerto narino,-3.77,-70.38,77.0,100,75,3.09,CO,1609200862
262,hirara,24.8,125.28,69.8,94,75,5.82,JP,1609200863
263,lethbridge,49.7,-112.82,37.4,55,75,17.22,CA,1609200863
264,pingdingshan,33.74,113.3,33.85,81,99,17.96,CN,1609200724
265,hilo,19.73,-155.09,82.4,58,1,11.41,US,1609200863
266,ketchikan,55.34,-131.65,37.4,93,90,3.29,US,1609200863
267,lasa,46.62,10.7,28.99,92,5,1.12,IT,1609200863
268,jinchang,38.5,102.17,10.38,79,67,0.89,CN,1609200863
269,victoria,22.29,114.16,66.99,80,82,11.25,HK,1609200724
270,awjilah,29.11,21.29,52.61,53,0,8.08,LY,1609200863
271,kindersley,51.47,-109.17,3.2,84,40,6.93,CA,1609200863
272,baza,37.49,-2.77,39.99,67,18,14.45,ES,1609200863
273,dogondoutchi,13.64,4.03,69.46,22,0,8.81,NE,1609200863
274,nola,40.92,14.53,53.6,62,40,14.99,IT,1609200863
275,ekuvukeni,-28.47,30.16,66.22,92,26,2.04,ZA,1609200863
276,feira de santana,-12.27,-38.97,71.87,81,11,7.65,BR,1609200863
277,tiksi,71.69,128.87,2.44,94,100,3.51,RU,1609200864
278,samarai,-10.62,150.67,86.85,67,100,11.16,PG,1609200858
279,georgetown,5.41,100.34,78.8,88,20,2.24,MY,1609200864
280,narrabri,-30.32,149.78,80.6,54,78,17.22,AU,1609200864
281,price,39.6,-110.81,26.6,86,90,9.17,US,1609200711
282,yarmouth,41.71,-70.23,46.99,93,75,6.93,US,1609200827
283,skibbereen,51.55,-9.27,39.2,69,20,19.46,IE,1609200864
284,payo,-3.75,103.64,72.82,95,100,1.25,ID,1609200864
285,okaihau,-35.32,173.78,67.42,42,8,8.12,NZ,1609200737
286,daru,-9.08,143.21,76.55,92,100,10.8,PG,1609200864
287,cockburn town,21.46,-71.14,77.0,73,40,4.7,TC,1609200864
288,dzaoudzi,-12.79,45.27,80.6,83,0,5.82,YT,1609200840
289,gizo,-8.1,156.84,84.56,69,100,1.68,SB,1609200828
290,qaqortoq,60.72,-46.03,30.2,68,100,12.75,GL,1609200865
291,kavaratti,10.57,72.64,81.05,74,0,12.1,IN,1609200865
292,inhambane,-23.86,35.38,76.24,86,98,5.84,MZ,1609200850
293,yenagoa,4.92,6.26,77.5,87,92,3.98,NG,1609200865
294,atar,20.52,-13.05,72.5,32,100,2.66,MR,1609200865
295,nouakchott,18.09,-15.98,69.8,77,0,12.75,MR,1609200865
296,asfi,32.3,-9.24,57.81,67,23,5.75,MA,1609200865
297,kamenka,51.32,42.77,9.34,96,6,8.52,RU,1609200866
298,bethel,41.37,-73.41,41.0,65,90,3.36,US,1609200866
299,okhotsk,59.38,143.3,-29.36,75,0,14.23,RU,1609200866
300,coruripe,-10.13,-36.18,75.87,79,8,8.97,BR,1609200866
301,xuanhua,40.61,115.04,-4.22,62,36,16.89,CN,1609200866
302,great yarmouth,52.61,1.73,39.2,93,73,8.05,GB,1609200866
303,bonthe,7.53,-12.51,78.84,85,43,6.49,SL,1609200866
304,mwinilunga,-11.74,24.43,63.75,96,100,4.12,ZM,1609200866
305,berdigestyakh,62.1,126.7,-4.27,90,100,10.6,RU,1609200866
306,nanyang,32.99,112.53,36.41,78,100,20.29,CN,1609200866
307,havre,49.58,0.33,42.8,81,94,18.34,FR,1609200866
308,abaete,-19.16,-45.45,71.83,88,95,3.71,BR,1609200867
309,kahului,20.89,-156.47,86.0,48,40,11.41,US,1609200757
310,norman wells,65.28,-126.83,-4.0,76,75,4.7,CA,1609200867
311,hami,42.8,93.45,11.01,75,0,3.71,CN,1609200867
312,suba,10.84,121.01,82.44,77,75,4.9,PH,1609200867
313,ahipara,-35.17,173.17,65.79,50,76,11.79,NZ,1609200867
314,mana,5.66,-53.78,78.67,87,74,9.48,GF,1609200867
315,rio gallegos,-51.62,-69.22,59.0,44,40,14.99,AR,1609200867
316,tagusao,9.19,117.81,80.29,79,33,4.12,PH,1609200867
317,caravelas,-17.71,-39.25,74.61,86,0,5.77,BR,1609200867
318,falciu,46.3,28.14,46.98,87,22,13.31,RO,1609200868
319,maragogi,-9.01,-35.22,76.69,77,59,10.67,BR,1609200868
320,kenora,49.82,-94.43,-4.0,76,75,10.29,CA,1609200868
321,hofn,64.25,-15.21,26.82,87,99,20.56,IS,1609200845
322,coihaique,-45.58,-72.07,66.2,59,90,6.93,CL,1609200868
323,lerwick,60.15,-1.15,37.4,93,20,8.05,GB,1609200868
324,birin,26.89,88.07,43.29,86,4,3.96,NP,1609200868
325,kjollefjord,70.95,27.35,26.65,94,100,19.04,NO,1609200868
326,zaysan,47.47,84.87,-8.86,79,0,1.63,KZ,1609200868
327,bilibino,68.05,166.44,-18.63,74,6,1.81,RU,1609200868
328,wanxian,30.8,108.39,48.09,81,100,7.18,CN,1609200868
329,kapuskasing,49.42,-82.43,1.4,83,22,3.36,CA,1609200869
330,bilma,18.69,12.92,60.12,30,31,6.58,NE,1609200869
331,sakata,38.92,139.85,37.4,86,75,4.7,JP,1609200668
332,belaya gora,68.53,146.42,-35.09,81,0,1.28,RU,1609200869
333,ambilobe,-13.2,49.05,74.53,93,100,1.3,MG,1609200869
334,senanga,-16.12,23.27,71.01,87,100,3.8,ZM,1609200869
335,port hedland,-20.32,118.57,87.8,66,74,8.05,AU,1609200869
336,seoul,37.57,126.98,33.8,78,20,3.15,KR,1609200699
337,riachao das neves,-11.75,-44.91,73.51,57,0,2.21,BR,1609200735
338,nizhniy tsasuchey,50.52,115.13,-13.32,78,1,13.6,RU,1609200869
339,tabas,33.6,56.92,33.8,43,1,4.7,IR,1609200869
340,novyy urengoy,66.08,76.63,-17.32,87,100,17.65,RU,1609200869
341,nanortalik,60.14,-45.24,29.3,95,100,10.51,GL,1609200869
342,vaitape,-16.52,-151.75,81.86,67,8,7.45,PF,1609200870
343,severo-kurilsk,50.68,156.12,22.28,95,100,40.78,RU,1609200836
344,vangaindrano,-23.35,47.6,73.51,92,97,2.17,MG,1609200870
345,iberia,29.95,-91.75,66.2,68,75,6.93,US,1609200648
346,huangmei,30.19,116.03,51.98,91,100,6.89,CN,1609200741
347,bayburt,40.26,40.23,22.78,81,100,1.25,TR,1609200870
348,were ilu,10.6,39.43,46.76,54,9,5.84,ET,1609200870
349,vila velha,-20.33,-40.29,78.8,78,40,9.17,BR,1609200870
350,bull savanna,17.89,-77.59,74.03,81,92,4.0,JM,1609200870
351,korhogo,9.45,-5.63,72.91,22,0,4.47,CI,1609200871
352,kyra,49.58,111.98,-21.08,77,2,5.7,RU,1609200871
353,champasak,14.75,106.0,70.32,84,79,1.28,LA,1609200871
354,washington,47.5,-120.5,35.01,83,0,1.92,US,1609200799
355,sault sainte marie,46.52,-84.33,24.8,73,90,16.11,CA,1609200871
356,ramanuj ganj,23.8,83.7,52.5,67,0,2.28,IN,1609200872
357,camabatela,-8.19,15.38,64.22,100,100,3.33,AO,1609200872
358,victor harbor,-35.57,138.62,66.0,66,74,4.85,AU,1609200872
359,visby,57.64,18.3,41.0,93,100,16.11,SE,1609200872
360,krasnovishersk,60.41,57.08,-18.99,87,79,3.33,RU,1609200872
361,bengkulu,-3.8,102.27,75.27,88,100,8.01,ID,1609200746
362,bambous virieux,-20.34,57.76,77.0,78,75,8.05,MU,1609200873
363,manturovo,58.34,44.76,-3.59,90,0,2.26,RU,1609200873
364,nishihara,26.18,127.76,71.6,60,90,8.05,JP,1609200873
365,aklavik,68.22,-135.01,-9.4,83,75,2.44,CA,1609200874
366,pundaguitan,6.37,126.17,81.79,75,93,4.79,PH,1609200874
367,mahajanga,-15.72,46.32,77.0,94,0,2.24,MG,1609200874
368,coquimbo,-29.95,-71.34,64.4,72,0,10.29,CL,1609200874
369,moose factory,51.26,-80.61,-2.2,77,1,11.41,CA,1609200874
370,onega,63.91,38.14,11.95,94,74,9.84,RU,1609200874
371,hamilton,39.18,-84.53,34.0,69,90,10.29,US,1609200709
372,yuxia,34.06,108.63,33.8,59,90,6.71,CN,1609200874
373,west plains,36.73,-91.85,42.8,52,1,3.15,US,1609200875
374,disna,55.57,28.2,30.81,97,100,17.34,BY,1609200875
375,sao sebastiao,-23.76,-45.41,75.07,80,36,4.0,BR,1609200875
376,lavrentiya,65.58,-171.0,17.02,94,97,13.96,RU,1609200875
377,bizhbulyak,53.7,54.26,-0.49,93,95,4.76,RU,1609200875
378,dandong,40.13,124.39,16.86,72,100,20.27,CN,1609200875
379,sola,-13.88,167.55,83.1,72,52,7.0,VU,1609200875
380,alyangula,-13.85,136.42,84.2,83,40,8.05,AU,1609200875
381,lompoc,34.64,-120.46,53.6,81,75,5.82,US,1609200683
382,puerto del rosario,28.5,-13.86,66.2,77,40,12.75,ES,1609200875
383,biak,-0.91,122.88,80.06,78,100,4.85,ID,1609200875
384,mahina,-17.51,-149.49,82.4,74,40,8.05,PF,1609200875
385,oro valley,32.39,-110.97,66.99,34,43,5.99,US,1609200875
386,anshun,26.25,105.93,39.83,77,100,16.26,CN,1609200876
387,salalah,17.02,54.09,71.6,49,0,9.17,OM,1609200876
388,cairns,-16.92,145.77,87.01,66,90,1.12,AU,1609200827
389,ratnagiri,16.98,73.3,71.78,58,0,4.25,IN,1609200876
390,khasan,42.43,130.64,19.24,76,99,15.48,RU,1609200876
391,morros,-9.45,-46.3,78.39,62,54,2.33,BR,1609200876
392,la palma,33.85,-118.05,54.0,81,90,7.96,US,1609200876
393,kieta,-6.22,155.63,83.52,72,83,2.55,PG,1609200876
394,wloclawek,52.65,19.07,39.0,93,94,1.99,PL,1609200876
395,saint-pierre,-21.34,55.48,78.8,54,0,14.99,RE,1609200876
396,hun,29.13,15.95,51.58,45,0,5.03,LY,1609200876
397,vanavara,60.34,102.28,-35.54,82,8,4.83,RU,1609200876
398,iqaluit,63.75,-68.51,5.0,71,75,23.04,CA,1609200854
399,beboto,8.27,16.94,71.91,30,100,5.91,TD,1609200877
400,eshowe,-28.89,31.47,64.44,98,33,4.65,ZA,1609200877
401,ramshir,30.89,49.41,51.8,81,0,7.34,IR,1609200877
402,powell,40.16,-83.08,33.01,93,90,8.05,US,1609200699
403,kodinsk,58.69,99.18,-34.69,80,3,2.15,RU,1609200877
404,deputatskiy,69.3,139.9,-23.48,88,87,2.84,RU,1609200877
405,vestmannaeyjar,63.44,-20.27,28.38,91,1,24.05,IS,1609200877
406,mpulungu,-8.76,31.11,73.2,68,100,0.49,ZM,1609200877
407,nago,26.59,127.98,71.6,83,90,6.93,JP,1609200669
408,burpengary,-27.16,152.96,82.99,48,98,5.93,AU,1609200877
409,amambai,-23.1,-55.23,78.96,66,33,1.99,BR,1609200877
410,san jose,37.34,-121.89,55.99,66,75,9.17,US,1609200852
411,beyneu,45.32,55.2,24.03,88,51,4.29,KZ,1609200877
412,aykhal,66.0,111.5,-14.8,75,75,8.95,RU,1609200877
413,mayo,38.89,-76.51,44.01,86,1,7.43,US,1609200878
414,yerbogachen,61.28,108.01,-21.42,85,89,8.57,RU,1609200878
415,maple grove,45.07,-93.46,19.4,73,20,3.36,US,1609200878
416,guaruja,-23.99,-46.26,75.2,94,9,4.7,BR,1609200878
417,elumalai,9.87,77.7,75.2,83,40,2.64,IN,1609200878
418,layou,13.2,-61.27,80.6,83,20,4.7,VC,1609200878
419,mareeba,-17.0,145.43,87.01,66,90,1.12,AU,1609200878
420,shalinskoye,55.72,93.76,-27.45,82,0,5.26,RU,1609200878
421,wilmington,34.23,-77.94,51.01,82,20,3.89,US,1609200794
422,kaeo,-35.1,173.78,69.71,43,10,7.29,NZ,1609200878
423,kichera,55.94,110.1,-15.36,76,97,6.51,RU,1609200878
424,ust-omchug,61.15,149.63,-31.95,80,98,5.35,RU,1609200878
425,zhangjiakou,40.81,114.88,-6.99,63,20,15.88,CN,1609200878
426,navalmoral de la mata,39.89,-5.54,38.95,89,9,9.22,ES,1609200879
427,pisco,-13.7,-76.22,69.8,83,90,11.41,PE,1609200879
428,khorramabad,33.49,48.36,42.15,73,0,1.95,IR,1609200879
429,almaty,43.25,76.95,15.8,92,90,8.95,KZ,1609200627
430,walvis bay,-22.96,14.51,64.0,88,59,11.41,NA,1609200879
431,grand forks,47.94,-97.43,5.0,84,1,9.17,US,1609200773
432,baykit,61.67,96.37,-30.86,78,2,0.72,RU,1609200879
433,barela,23.1,80.05,50.13,79,0,5.3,IN,1609200879
434,yar-sale,66.83,70.83,-10.7,89,100,13.04,RU,1609200879
435,manchester,53.48,-2.24,36.0,90,90,3.36,GB,1609200879
436,safford,32.83,-109.71,73.4,16,1,21.92,US,1609200879
437,northam,51.03,-4.22,44.01,89,99,7.0,GB,1609200879
438,upington,-28.45,21.26,87.22,25,96,2.35,ZA,1609200879
439,turukhansk,65.82,87.98,-27.06,79,0,7.96,RU,1609200880
440,haines junction,60.75,-137.51,20.55,93,100,2.91,CA,1609200880
441,boddam,57.47,-1.78,35.6,93,79,12.75,GB,1609200880
442,susangerd,31.56,48.18,48.2,76,0,2.24,IR,1609200880
443,venado tuerto,-33.75,-61.97,75.99,84,77,2.66,AR,1609200880
444,bushehr,28.97,50.84,61.32,65,0,6.91,IR,1609200880
445,staryy nadym,65.61,72.68,-10.79,90,100,15.84,RU,1609200880
446,sinjar,36.32,41.88,44.13,58,100,2.33,IQ,1609200880
447,jacqueville,5.21,-4.41,82.4,88,20,5.82,CI,1609200880
448,thessalon,46.25,-83.57,23.0,85,90,4.7,CA,1609200880
449,katherine,-14.47,132.27,80.6,83,40,8.05,AU,1609200880
450,beidao,34.57,105.89,26.11,71,100,12.57,CN,1609200881
451,karachi,24.91,67.08,48.2,36,0,9.48,PK,1609200690
452,roald,62.58,6.13,41.0,56,96,10.29,NO,1609200881
453,san quintin,30.48,-115.95,59.52,59,30,13.27,MX,1609200881
454,saint-francois,46.42,3.91,42.8,70,75,13.87,FR,1609200881
455,conceicao da barra,-18.59,-39.73,75.67,80,0,6.49,BR,1609200636
456,urdoma,61.75,48.54,-10.39,90,17,2.44,RU,1609200881
457,lugovoy,42.95,72.76,15.35,89,6,2.75,KZ,1609200881
458,erzincan,39.75,39.5,21.2,79,100,1.12,TR,1609200869
459,namibe,-15.2,12.15,71.17,80,100,3.96,AO,1609200881
460,la libertad,-2.23,-80.9,75.2,83,0,11.41,EC,1609200732
461,carnarvon,-24.87,113.63,78.8,88,38,2.24,AU,1609200842
462,souillac,-20.52,57.52,77.0,78,75,8.05,MU,1609200881
463,tomatlan,19.93,-105.25,73.24,69,0,3.51,MX,1609200881
464,ormara,25.21,64.64,62.92,29,0,12.59,PK,1609200881
465,goias,-15.58,-49.64,72.1,85,95,2.28,BR,1609200882
466,jumla,29.27,82.18,30.61,47,1,4.97,NP,1609200882
467,ardmore,34.17,-97.14,55.4,43,40,9.17,US,1609200882
468,rundu,-17.93,19.77,71.65,74,92,5.19,NA,1609200882
469,krasnoselkup,65.7,82.47,-23.75,81,100,18.54,RU,1609200882
470,bac lieu,9.29,105.72,75.76,88,95,2.77,VN,1609200882
471,zwedru,6.07,-8.13,72.97,89,4,2.71,LR,1609200882
472,skeldon,5.88,-57.13,76.01,92,67,6.89,GY,1609200882
473,esperance,-33.87,121.9,60.8,63,100,17.22,AU,1609200882
474,aksarayskiy,46.79,48.01,24.8,85,90,13.42,RU,1609200882
475,ostrovnoy,68.05,39.51,19.45,93,100,18.1,RU,1609200883
476,goderich,43.75,-81.72,32.0,90,100,20.8,CA,1609200883
477,mogadishu,2.04,45.34,78.8,85,6,15.82,SO,1609200883
478,bauchi,10.5,10.0,66.6,26,3,4.88,NG,1609200883
479,camana,-16.62,-72.71,72.37,76,100,7.76,PE,1609200883
480,ornskoldsvik,63.29,18.72,32.0,96,100,12.75,SE,1609200883
481,west wendover,40.74,-114.07,32.0,79,90,4.7,US,1609200883
482,guane,22.2,-84.09,68.7,84,27,5.66,CU,1609200883
483,epernay,49.05,3.95,37.4,100,90,4.7,FR,1609200883
484,isangel,-19.55,169.27,82.4,83,75,8.05,VU,1609200883
485,harda,22.33,77.1,49.93,47,0,8.05,IN,1609200883
486,prince rupert,54.32,-130.32,41.0,80,1,2.24,CA,1609200883
487,lukovetskiy,64.3,41.92,-0.4,84,75,4.47,RU,1609200883
488,dembi dolo,8.53,34.8,63.23,53,2,3.44,ET,1609200883
489,westerland,54.91,8.3,37.4,93,95,8.05,DE,1609200884
490,santiago,-33.46,-70.65,77.0,44,0,19.46,CL,1609200621
491,bathsheba,13.22,-59.52,77.0,88,40,5.82,BB,1609200884
492,salinas,36.68,-121.66,57.2,54,1,10.29,US,1609200884
493,ayagoz,47.97,80.44,-3.69,78,0,4.63,KZ,1609200884
494,vallenar,-28.57,-70.76,67.26,49,0,3.38,CL,1609200884
495,ciudad bolivar,8.12,-63.55,81.93,67,50,10.2,VE,1609200884
496,sao filipe,14.9,-24.5,76.53,72,91,10.63,CV,1609200884
497,manaure,11.78,-72.44,79.75,71,70,16.87,CO,1609200884
498,nhulunbuy,-12.23,136.77,78.8,94,75,8.05,AU,1609200884
499,rosario do sul,-30.26,-54.91,75.0,76,59,9.48,BR,1609200884
500,santo tomas,14.11,121.14,81.0,83,40,1.12,PH,1609200884
501,inuvik,68.35,-133.72,-5.8,83,96,1.12,CA,1609200884
502,celestun,20.87,-90.4,72.77,73,29,14.45,MX,1609200885
503,allapalli,19.42,80.07,57.54,70,0,1.63,IN,1609200885
504,shahrud,36.42,54.98,31.73,76,0,0.81,IR,1609200881
505,coroico,-16.19,-67.73,78.8,78,75,6.93,BO,1609200885
506,manta,-0.95,-80.73,80.6,69,40,11.41,EC,1609200885
507,breytovo,58.3,37.86,7.54,95,31,8.88,RU,1609200885
508,toora-khem,52.47,96.11,-32.39,79,3,1.97,RU,1609200885
509,khilok,51.37,110.47,-20.15,83,99,6.04,RU,1609200885
510,oyo,7.85,3.93,74.1,74,55,2.89,NG,1609200885
511,taoudenni,22.68,-3.98,69.96,23,100,9.73,ML,1609200885
512,barberino di mugello,44.0,11.24,48.2,76,40,3.36,IT,1609200885
513,batagay-alyta,67.8,130.41,-5.69,87,100,6.26,RU,1609200885
514,kaseda,31.42,130.32,44.6,87,75,3.36,JP,1609200886
515,zhezkazgan,47.8,67.71,0.73,91,76,4.41,KZ,1609200886
516,pinotepa nacional,16.32,-98.02,75.63,75,9,3.53,MX,1609200886
517,lere,10.39,8.57,63.9,31,16,4.25,NG,1609200886
518,roma,43.21,-75.46,37.4,64,90,13.87,US,1609200759
519,umm lajj,25.02,37.27,74.26,53,1,7.92,SA,1609200766
520,plettenberg bay,-34.05,23.37,67.26,90,12,6.46,ZA,1609200821
521,peto,20.13,-88.92,70.77,72,71,4.99,MX,1609200886
522,verkhoshizhemye,58.01,49.1,-9.26,91,4,2.64,RU,1609200886
523,maromitsa,59.87,48.01,-10.57,91,13,3.15,RU,1609200886
524,mahmudabad,27.3,81.12,51.8,87,20,3.36,IN,1609200886
525,maldonado,-34.67,-54.92,73.4,73,0,16.11,UY,1609200746
526,mumford,5.26,-0.76,80.17,83,19,9.17,GH,1609200886
527,gataia,45.43,21.43,54.0,53,0,33.33,RO,1609200887
528,san carlos de bariloche,-41.15,-71.31,68.0,34,75,21.92,AR,1609200628
529,may pen,17.96,-77.25,82.4,74,40,13.87,JM,1609200887
530,vaijapur,19.92,74.73,59.63,58,2,4.7,IN,1609200887
531,alofi,-19.06,-169.92,80.6,83,75,5.82,NU,1609200887
532,sibolga,1.74,98.78,76.37,78,100,1.43,ID,1609200850
533,margate,51.38,1.39,39.0,87,100,5.01,GB,1609200887
534,abbeville,50.1,1.83,36.0,79,79,3.94,FR,1609200620
535,itoman,26.12,127.67,71.6,78,75,5.82,JP,1609200887
536,wuhu,31.34,118.38,50.0,100,99,4.47,CN,1609200887
537,cabo rojo,18.09,-67.15,77.0,84,100,1.99,PR,1609200887
538,naze,28.37,129.48,69.8,68,75,16.11,JP,1609200887
539,iralaya,15.0,-83.23,76.12,81,89,13.94,HN,1609200887
540,eureka,40.8,-124.16,53.01,71,0,4.5,US,1609200887
541,hovd,48.01,91.64,-12.23,85,0,0.85,MN,1609200887
542,kavieng,-2.57,150.8,85.87,62,100,8.99,PG,1609200888
543,tank,32.22,70.38,44.87,55,0,3.51,PK,1609200888
544,tucuman,-26.82,-65.22,84.2,66,90,4.7,AR,1609200888
545,formosa,-26.18,-58.18,89.6,62,0,3.36,AR,1609200888
546,camaqua,-30.85,-51.81,69.46,87,43,6.2,BR,1609200888
547,san andres,12.58,-81.7,80.6,83,75,11.41,CO,1609200888
548,dingle,11.0,122.67,79.23,83,29,3.36,PH,1609200888
549,bintulu,3.17,113.03,75.2,100,20,3.36,MY,1609200676
550,coahuayana,18.73,-103.68,77.0,57,5,2.57,MX,1609200855
551,torbay,47.67,-52.73,26.6,86,20,2.24,CA,1609200888
552,bandiagara,14.35,-3.61,72.05,21,0,9.91,ML,1609200888
553,kirakira,-10.45,161.92,81.75,78,100,2.93,SB,1609200888
554,half moon bay,37.46,-122.43,55.4,58,20,11.41,US,1609200888
555,jalu,29.03,21.55,52.95,54,0,7.99,LY,1609200889
556,the valley,18.22,-63.06,78.8,78,20,3.36,AI,1609200868
557,el alto,-4.27,-81.21,77.0,65,0,19.46,PE,1609200889
558,ravar,31.27,56.81,42.76,55,98,1.36,IR,1609200889
559,nagapattinam,10.77,79.83,76.41,86,83,12.41,IN,1609200889
560,iquique,-20.22,-70.14,73.4,53,0,16.11,CL,1609200811
561,hasanabad,36.55,61.05,32.09,89,0,5.95,IR,1609200889
562,pangnirtung,66.15,-65.71,8.6,71,90,2.24,CA,1609200870
563,flinders,-34.58,150.86,66.0,89,100,3.0,AU,1609200889
564,strezhevoy,60.73,77.59,-5.8,76,90,15.66,RU,1609200889
565,mwaya,-9.55,33.95,75.65,72,100,2.98,TZ,1609200889
566,amapa,1.0,-52.0,73.45,97,100,2.39,BR,1609200890
567,dunedin,-45.87,170.5,61.27,64,0,14.72,NZ,1609200763
568,mudanya,40.38,28.88,55.4,75,0,9.17,TR,1609200617
569,gao,16.64,1.64,64.71,24,9,8.37,ML,1609200890
570,stavern,59.0,10.03,37.99,100,100,5.82,NO,1609200812
571,galle,6.04,80.22,75.85,87,68,2.64,LK,1609200890
572,seydi,39.48,62.91,30.58,88,0,6.11,TM,1609200890
573,raudeberg,61.99,5.14,43.0,60,98,9.35,NO,1609200890
574,iskilip,40.74,34.47,40.98,69,82,5.01,TR,1609200890
575,razboieni,47.08,26.53,39.0,84,64,4.0,RO,1609200890
576,chitipa,-9.7,33.27,65.01,91,100,1.57,MW,1609200890
577,buin,-33.73,-70.75,77.0,44,0,19.46,CL,1609200890
578,san policarpo,12.18,125.51,82.54,75,81,4.5,PH,1609200891
579,correntina,-13.34,-44.64,71.65,64,42,3.22,BR,1609200891
580,miri,4.41,114.01,77.0,94,40,5.82,MY,1609200891
581,bajil,15.06,43.29,73.18,74,0,1.66,YE,1609200891
582,orlik,52.52,99.83,-34.11,66,0,1.74,RU,1609200891
583,touros,-5.2,-35.46,77.0,78,20,6.93,BR,1609200891
